{
    "loss": 0.08089852333068848,
    "accuracy": 0.9784172773361206
}