{
    "loss": 17.788780212402344,
    "accuracy": 0.5467625856399536
}